"yearid","team_name","total_salary"
1985,"New York Yankees","1523487828"
1985,"Chicago Cubs","1486241289"
1985,"St. Louis Cardinals","1418049960"
1985,"Philadelphia Phillies","1295995648"
1985,"Detroit Tigers","1231429017"
1985,"Boston Red Sox","1220526720"
1985,"Pittsburgh Pirates","1190347500"
1985,"Chicago White Sox","1171695182"
1985,"Cincinnati Reds","1036629708"
1985,"Atlanta Braves","799578000"
1985,"Baltimore Orioles","763006992"
1985,"Cleveland Indians","687924930"
1985,"Los Angeles Dodgers","680010854"
1985,"New York Mets","628416196"
1985,"San Diego Padres","562865733"
1985,"Houston Astros","549617805"
1985,"San Francisco Giants","509746268"
1985,"Kansas City Royals","475380129"
1985,"Oakland Athletics","471047512"
1985,"California Angels","461692608"
1985,"Toronto Blue Jays","378939650"
1985,"Texas Rangers","368472000"
1985,"Montreal Expos","340925976"
1985,"Minnesota Twins","340124439"
1985,"Milwaukee Brewers","315954996"
1985,"Seattle Mariners","198359000"
1985,"Chicago White Stockings","177840838"
1985,"New York Highlanders","142382040"
1985,"Chicago Colts","101623336"
1985,"St. Louis Browns","82719581"
1985,"Cleveland Naps","78619992"
1985,"Boston Americans","76282920"
1985,"Philadelphia Quakers","70874762"
1985,"Chicago Orphans","63514585"
1985,"Cincinnati Redlegs","50159502"
1985,"Pittsburg Alleghenys","36910000"
1985,"Houston Colt .45's","29979153"
1985,"Philadelphia Blue Jays","20249932"
1985,"St. Louis Perfectos","11817083"
1985,"Cleveland Bronchos","6551666"
1985,"Cleveland Blues","6551666"
1986,"Chicago Cubs","2013355305"
1986,"New York Yankees","1978885071"
1986,"Boston Red Sox","1613050768"
1986,"Philadelphia Phillies","1483541248"
1986,"Cincinnati Reds","1476392112"
1986,"Detroit Tigers","1467949966"
1986,"Pittsburgh Pirates","1398811500"
1986,"Chicago White Sox","1239839461"
1986,"St. Louis Cardinals","1185001200"
1986,"Los Angeles Dodgers","924654112"
1986,"Atlanta Braves","923550444"
1986,"New York Mets","892835412"
1986,"Baltimore Orioles","858083028"
1986,"Cleveland Indians","819997500"
1986,"Kansas City Royals","665228598"
1986,"San Diego Padres","580415343"
1986,"San Francisco Giants","554714000"
1986,"Houston Astros","543030180"
1986,"Toronto Blue Jays","542275021"
1986,"Minnesota Twins","516141853"
1986,"Oakland Athletics","508529892"
1986,"California Angels","461672256"
1986,"Montreal Expos","399729600"
1986,"Texas Rangers","323669712"
1986,"Milwaukee Brewers","278421976"
1986,"Seattle Mariners","256207287"
1986,"Chicago White Stockings","240914310"
1986,"New York Highlanders","184942530"
1986,"Chicago Colts","137665320"
1986,"Boston Americans","100815673"
1986,"Cleveland Naps","93714000"
1986,"Chicago Orphans","86040825"
1986,"Philadelphia Quakers","81131162"
1986,"Cincinnati Redlegs","71438328"
1986,"St. Louis Browns","69125070"
1986,"Pittsburg Alleghenys","43374000"
1986,"Houston Colt .45's","29619828"
1986,"Philadelphia Blue Jays","23180332"
1986,"St. Louis Perfectos","9875010"
1986,"Cleveland Blues","7809500"
1986,"Cleveland Bronchos","7809500"
1987,"New York Yankees","1829669398"
1987,"Chicago Cubs","1674035883"
1987,"Philadelphia Phillies","1473821824"
1987,"Detroit Tigers","1442622839"
1987,"St. Louis Cardinals","1410960000"
1987,"Chicago White Sox","1266379317"
1987,"Cincinnati Reds","1150906000"
1987,"Boston Red Sox","1136146704"
1987,"Pittsburgh Pirates","987108000"
1987,"Baltimore Orioles","917418018"
1987,"Cleveland Indians","893943750"
1987,"Atlanta Braves","893406240"
1987,"Los Angeles Dodgers","847874986"
1987,"New York Mets","803109412"
1987,"Houston Astros","693460405"
1987,"Oakland Athletics","607403628"
1987,"Kansas City Royals","603230856"
1987,"San Diego Padres","564355596"
1987,"San Francisco Giants","451980000"
1987,"Toronto Blue Jays","450618543"
1987,"California Angels","410991968"
1987,"Minnesota Twins","377452500"
1987,"Montreal Expos","249913872"
1987,"Milwaukee Brewers","204210272"
1987,"Chicago White Stockings","200311986"
1987,"New York Highlanders","170997140"
1987,"Chicago Colts","114463992"
1987,"Cleveland Naps","102165000"
1987,"Seattle Mariners","97330500"
1987,"St. Louis Browns","82306000"
1987,"Philadelphia Quakers","80599631"
1987,"Chicago Orphans","71539995"
1987,"Boston Americans","71009169"
1987,"Cincinnati Redlegs","55689000"
1987,"Texas Rangers","42240000"
1987,"Houston Colt .45's","37825113"
1987,"Pittsburg Alleghenys","30608000"
1987,"Philadelphia Blue Jays","23028466"
1987,"St. Louis Perfectos","11758000"
1987,"Cleveland Blues","8513750"
1987,"Cleveland Bronchos","8513750"
1988,"New York Yankees","2080203264"
1988,"Philadelphia Phillies","1771264000"
1988,"Boston Red Sox","1556362304"
1988,"St. Louis Cardinals","1545600000"
1988,"Chicago Cubs","1534946166"
1988,"Detroit Tigers","1531478949"
1988,"Cincinnati Reds","1102162716"
1988,"Los Angeles Dodgers","1044731930"
1988,"Cleveland Indians","938332500"
1988,"Baltimore Orioles","893116950"
1988,"New York Mets","885620212"
1988,"Pittsburgh Pirates","773806500"
1988,"San Francisco Giants","767560000"
1988,"Chicago White Sox","760410000"
1988,"Kansas City Royals","742384662"
1988,"Minnesota Twins","735297294"
1988,"Atlanta Braves","687321396"
1988,"Houston Astros","675739185"
1988,"Toronto Blue Jays","526372675"
1988,"Oakland Athletics","503880000"
1988,"San Diego Padres","487611102"
1988,"California Angels","382316416"
1988,"Montreal Expos","345719988"
1988,"Seattle Mariners","315725350"
1988,"Texas Rangers","256422288"
1988,"Milwaukee Brewers","235256000"
1988,"New York Highlanders","194411520"
1988,"Chicago White Stockings","183668772"
1988,"Cleveland Naps","107238000"
1988,"Chicago Colts","104953584"
1988,"Boston Americans","97272644"
1988,"Philadelphia Quakers","96866000"
1988,"St. Louis Browns","90160000"
1988,"Chicago Orphans","65595990"
1988,"Cincinnati Redlegs","53330454"
1988,"Houston Colt .45's","36858501"
1988,"Philadelphia Blue Jays","27676000"
1988,"Pittsburg Alleghenys","23994000"
1988,"St. Louis Perfectos","12880000"
1988,"Cleveland Blues","8936500"
1988,"Cleveland Bronchos","8936500"
1989,"Boston Red Sox","1957955776"
1989,"St. Louis Cardinals","1929459960"
1989,"New York Yankees","1831238125"
1989,"Detroit Tigers","1802422076"
1989,"Pittsburgh Pirates","1643137500"
1989,"Cincinnati Reds","1372928000"
1989,"Philadelphia Phillies","1357312000"
1989,"Los Angeles Dodgers","1306436844"
1989,"Chicago Cubs","1248156000"
1989,"New York Mets","1153334118"
1989,"Cleveland Indians","954922500"
1989,"Kansas City Royals","952861968"
1989,"San Francisco Giants","927695708"
1989,"Minnesota Twins","916368294"
1989,"Chicago White Sox","864583790"
1989,"Houston Astros","826622500"
1989,"Oakland Athletics","811879640"
1989,"San Diego Padres","723945000"
1989,"Toronto Blue Jays","699251638"
1989,"Atlanta Braves","600066036"
1989,"Texas Rangers","570901488"
1989,"Baltimore Orioles","546161022"
1989,"Montreal Expos","497066004"
1989,"California Angels","483130656"
1989,"Seattle Mariners","420518500"
1989,"Milwaukee Brewers","322924000"
1989,"New York Highlanders","171143750"
1989,"Chicago White Stockings","149352000"
1989,"Boston Americans","122372236"
1989,"St. Louis Browns","112551831"
1989,"Cleveland Naps","109134000"
1989,"Chicago Colts","85344000"
1989,"Philadelphia Quakers","74228000"
1989,"Cincinnati Redlegs","66432000"
1989,"Chicago Orphans","53340000"
1989,"Pittsburg Alleghenys","50950000"
1989,"Houston Colt .45's","45088500"
1989,"Philadelphia Blue Jays","21208000"
1989,"St. Louis Perfectos","16078833"
1989,"Cleveland Blues","9094500"
1989,"Cleveland Bronchos","9094500"
1990,"St. Louis Cardinals","2462800080"
1990,"Boston Red Sox","2302533296"
1990,"New York Yankees","2237618026"
1990,"Detroit Tigers","2093595322"
1990,"Pittsburgh Pirates","2006724000"
1990,"Cincinnati Reds","1781880000"
1990,"Philadelphia Phillies","1686229376"
1990,"Chicago Cubs","1594008000"
1990,"Cleveland Indians","1521135000"
1990,"Los Angeles Dodgers","1321759648"
1990,"New York Mets","1259924372"
1990,"San Francisco Giants","1198790646"
1990,"Kansas City Royals","1191415284"
1990,"Chicago White Sox","1129488500"
1990,"Oakland Athletics","1034150052"
1990,"Houston Astros","1008150000"
1990,"San Diego Padres","897005034"
1990,"Minnesota Twins","861518000"
1990,"Atlanta Braves","785997054"
1990,"Toronto Blue Jays","763543862"
1990,"Texas Rangers","713969856"
1990,"California Angels","695040000"
1990,"Baltimore Orioles","638885544"
1990,"Montreal Expos","597109968"
1990,"Milwaukee Brewers","552136676"
1990,"Seattle Mariners","539807681"
1990,"New York Highlanders","209123180"
1990,"Chicago White Stockings","190736000"
1990,"Cleveland Naps","173844000"
1990,"Boston Americans","143908331"
1990,"St. Louis Browns","143663338"
1990,"Chicago Colts","108992000"
1990,"Philadelphia Quakers","92215669"
1990,"Cincinnati Redlegs","86220000"
1990,"Chicago Orphans","68120000"
1990,"Pittsburg Alleghenys","62224000"
1990,"Houston Colt .45's","54990000"
1990,"Philadelphia Blue Jays","26347334"
1990,"St. Louis Perfectos","20523334"
1990,"Cleveland Blues","14487000"
1990,"Cleveland Bronchos","14487000"
1991,"Boston Red Sox","3938760000"
1991,"Cincinnati Reds","3261861292"
1991,"Pittsburgh Pirates","3048872043"
1991,"New York Yankees","2925825976"
1991,"Philadelphia Phillies","2878378496"
1991,"Detroit Tigers","2836761627"
1991,"Chicago Cubs","2711553039"
1991,"St. Louis Cardinals","2623200120"
1991,"Los Angeles Dodgers","2033021168"
1991,"Chicago White Sox","2013440373"
1991,"Oakland Athletics","1923956684"
1991,"San Francisco Giants","1919995292"
1991,"New York Mets","1890220058"
1991,"Cleveland Indians","1851675000"
1991,"Minnesota Twins","1378348147"
1991,"Kansas City Royals","1342311534"
1991,"Baltimore Orioles","1156254000"
1991,"San Diego Padres","1129650051"
1991,"California Angels","1057920032"
1991,"Atlanta Braves","993789000"
1991,"Texas Rangers","874776000"
1991,"Toronto Blue Jays","855803931"
1991,"Houston Astros","706887500"
1991,"Seattle Mariners","674748819"
1991,"Milwaukee Brewers","647234000"
1991,"Montreal Expos","386363988"
1991,"Chicago White Stockings","324459338"
1991,"New York Highlanders","273441680"
1991,"Boston Americans","246172500"
1991,"Cleveland Naps","211620000"
1991,"Chicago Colts","185405336"
1991,"Cincinnati Redlegs","157831998"
1991,"Philadelphia Quakers","157411324"
1991,"St. Louis Browns","153020007"
1991,"Chicago Orphans","115878335"
1991,"Pittsburg Alleghenys","94538668"
1991,"Philadelphia Blue Jays","44974664"
1991,"Houston Colt .45's","38557500"
1991,"St. Louis Perfectos","21860001"
1991,"Cleveland Bronchos","17635000"
1991,"Cleveland Blues","17635000"
1992,"Boston Red Sox","4884385408"
1992,"Cincinnati Reds","4455505876"
1992,"Pittsburgh Pirates","4378797543"
1992,"New York Yankees","4017136738"
1992,"Chicago White Sox","3589139127"
1992,"Chicago Cubs","3490073262"
1992,"St. Louis Cardinals","3310060320"
1992,"Detroit Tigers","3251417246"
1992,"Philadelphia Phillies","3121130752"
1992,"Los Angeles Dodgers","2776866292"
1992,"New York Mets","2586916116"
1992,"Oakland Athletics","2133820000"
1992,"San Francisco Giants","2056116416"
1992,"Toronto Blue Jays","1925912638"
1992,"Atlanta Braves","1869767982"
1992,"Kansas City Royals","1728585534"
1992,"Minnesota Twins","1653642206"
1992,"Baltimore Orioles","1569524022"
1992,"Texas Rangers","1446152016"
1992,"San Diego Padres","1369562517"
1992,"California Angels","1111978688"
1992,"Seattle Mariners","996732819"
1992,"Cleveland Indians","984169620"
1992,"Milwaukee Brewers","868382676"
1992,"Houston Astros","847412500"
1992,"Montreal Expos","569604024"
1992,"Chicago White Stockings","417615604"
1992,"New York Highlanders","375433340"
1992,"Boston Americans","305274088"
1992,"Chicago Colts","238637488"
1992,"Cincinnati Redlegs","215588994"
1992,"St. Louis Browns","193086852"
1992,"Philadelphia Quakers","170686838"
1992,"Chicago Orphans","149148430"
1992,"Pittsburg Alleghenys","135776668"
1992,"Cleveland Naps","112476528"
1992,"Philadelphia Blue Jays","48767668"
1992,"Houston Colt .45's","46222500"
1992,"St. Louis Perfectos","27583836"
1992,"Cleveland Blues","9373044"
1992,"Cleveland Bronchos","9373044"
1993,"Cincinnati Reds","5565078584"
1993,"Chicago White Sox","4723843754"
1993,"Chicago Cubs","4608239922"
1993,"New York Yankees","4560864300"
1993,"Detroit Tigers","4539869635"
1993,"Boston Red Sox","4157505296"
1993,"Philadelphia Phillies","3652906752"
1993,"Pittsburgh Pirates","3202098243"
1993,"St. Louis Cardinals","2804080080"
1993,"Los Angeles Dodgers","2438583938"
1993,"New York Mets","2264532686"
1993,"Atlanta Braves","2248636518"
1993,"San Francisco Giants","2173100000"
1993,"Kansas City Royals","2108654517"
1993,"Toronto Blue Jays","2033004138"
1993,"Oakland Athletics","1966241316"
1993,"Cleveland Indians","1948905000"
1993,"Baltimore Orioles","1920369000"
1993,"Texas Rangers","1746094032"
1993,"Minnesota Twins","1664858047"
1993,"Houston Astros","1661577500"
1993,"Seattle Mariners","1405942319"
1993,"San Diego Padres","1301077983"
1993,"California Angels","914826688"
1993,"Montreal Expos","680375988"
1993,"Milwaukee Brewers","666591352"
1993,"Chicago White Stockings","551413324"
1993,"New York Highlanders","426249000"
1993,"Florida Marlins","367280355"
1993,"Chicago Colts","315093328"
1993,"Colorado Rockies","279544500"
1993,"Cincinnati Redlegs","269277996"
1993,"Boston Americans","259844081"
1993,"Cleveland Naps","222732000"
1993,"Philadelphia Quakers","199768338"
1993,"Chicago Orphans","196933330"
1993,"St. Louis Browns","163571338"
1993,"Pittsburg Alleghenys","99289868"
1993,"Houston Colt .45's","90631500"
1993,"Philadelphia Blue Jays","57076668"
1993,"St. Louis Perfectos","23367334"
1993,"Cleveland Bronchos","18561000"
1993,"Cleveland Blues","18561000"
1994,"Cincinnati Reds","5079267292"
1994,"Detroit Tigers","4932133619"
1994,"New York Yankees","4893252738"
1994,"Chicago White Sox","4662876484"
1994,"Chicago Cubs","4245617961"
1994,"Boston Red Sox","4240217408"
1994,"Philadelphia Phillies","4044672000"
1994,"St. Louis Cardinals","3513072120"
1994,"Cleveland Indians","3201502500"
1994,"Pittsburgh Pirates","3124025250"
1994,"Atlanta Braves","2666709702"
1994,"San Francisco Giants","2643597292"
1994,"Baltimore Orioles","2564084754"
1994,"Los Angeles Dodgers","2356000062"
1994,"Kansas City Royals","2067608034"
1994,"Toronto Blue Jays","1867647724"
1994,"Houston Astros","1821930000"
1994,"New York Mets","1795481814"
1994,"Oakland Athletics","1776970000"
1994,"Minnesota Twins","1677871500"
1994,"Texas Rangers","1582732656"
1994,"Seattle Mariners","1256825500"
1994,"California Angels","804998976"
1994,"San Diego Padres","760732983"
1994,"Montreal Expos","687528000"
1994,"Milwaukee Brewers","681814000"
1994,"Colorado Rockies","644957991"
1994,"Chicago White Stockings","508022662"
1994,"New York Highlanders","457313340"
1994,"Florida Marlins","411027000"
1994,"Cleveland Naps","365886000"
1994,"Chicago Colts","290298664"
1994,"Boston Americans","265013588"
1994,"Cincinnati Redlegs","245770998"
1994,"Philadelphia Quakers","221193000"
1994,"St. Louis Browns","204929207"
1994,"Chicago Orphans","181436665"
1994,"Houston Colt .45's","99378000"
1994,"Pittsburg Alleghenys","96869000"
1994,"Philadelphia Blue Jays","63198000"
1994,"Cleveland Bronchos","30490500"
1994,"Cleveland Blues","30490500"
1994,"St. Louis Perfectos","29275601"
1995,"Chicago White Sox","5588392558"
1995,"Cincinnati Reds","5349939080"
1995,"New York Yankees","5229609057"
1995,"St. Louis Cardinals","4452120000"
1995,"Detroit Tigers","4408255992"
1995,"Cleveland Indians","3983472675"
1995,"Philadelphia Phillies","3911160960"
1995,"Boston Red Sox","3635018016"
1995,"Chicago Cubs","3452182578"
1995,"Baltimore Orioles","2900206386"
1995,"Atlanta Braves","2550714030"
1995,"Los Angeles Dodgers","2434938462"
1995,"Pittsburgh Pirates","2367839505"
1995,"San Francisco Giants","2260692174"
1995,"Toronto Blue Jays","2175370000"
1995,"Oakland Athletics","1962439700"
1995,"Houston Astros","1879340870"
1995,"Texas Rangers","1659909648"
1995,"New York Mets","1605149536"
1995,"Seattle Mariners","1568696373"
1995,"Kansas City Royals","1506174534"
1995,"Minnesota Twins","1499219500"
1995,"San Diego Padres","1345499034"
1995,"California Angels","999141472"
1995,"Colorado Rockies","922177359"
1995,"Milwaukee Brewers","498367100"
1995,"New York Highlanders","488748510"
1995,"Florida Marlins","465799839"
1995,"Cleveland Naps","455254020"
1995,"Montreal Expos","445104000"
1995,"Chicago White Stockings","413081676"
1995,"St. Louis Browns","259707000"
1995,"Cincinnati Redlegs","258868020"
1995,"Chicago Colts","236046672"
1995,"Boston Americans","227188626"
1995,"Philadelphia Quakers","213891615"
1995,"Chicago Orphans","147529170"
1995,"Houston Colt .45's","102509502"
1995,"Pittsburg Alleghenys","73421380"
1995,"Philadelphia Blue Jays","61111890"
1995,"Cleveland Blues","37937835"
1995,"Cleveland Bronchos","37937835"
1995,"St. Louis Perfectos","37101000"
1996,"New York Yankees","5798521744"
1996,"Chicago White Sox","5371600500"
1996,"Cincinnati Reds","5273265416"
1996,"Cleveland Indians","5051272800"
1996,"St. Louis Cardinals","4832360040"
1996,"Boston Red Sox","4748072000"
1996,"Philadelphia Phillies","4392256000"
1996,"Chicago Cubs","3870477000"
1996,"Baltimore Orioles","3596360790"
1996,"Pittsburgh Pirates","2969257500"
1996,"Detroit Tigers","2789122000"
1996,"Atlanta Braves","2683719000"
1996,"San Francisco Giants","2302972950"
1996,"Los Angeles Dodgers","2192010000"
1996,"Texas Rangers","1873993344"
1996,"Seattle Mariners","1777125543"
1996,"Houston Astros","1566785000"
1996,"San Diego Padres","1445756772"
1996,"New York Mets","1419811000"
1996,"Minnesota Twins","1363903000"
1996,"Toronto Blue Jays","1270868569"
1996,"Oakland Athletics","1104636000"
1996,"Colorado Rockies","1084855221"
1996,"Kansas City Royals","1034343750"
1996,"California Angels","919616000"
1996,"Milwaukee Brewers","608440000"
1996,"Florida Marlins","589427500"
1996,"Montreal Expos","585522000"
1996,"Cleveland Naps","577288320"
1996,"New York Highlanders","541917920"
1996,"Chicago White Stockings","463134000"
1996,"Boston Americans","296754500"
1996,"St. Louis Browns","281887669"
1996,"Chicago Colts","264648000"
1996,"Cincinnati Redlegs","255158004"
1996,"Philadelphia Quakers","240201500"
1996,"Chicago Orphans","165405000"
1996,"Pittsburg Alleghenys","92070000"
1996,"Houston Colt .45's","85461000"
1996,"Philadelphia Blue Jays","68629000"
1996,"Cleveland Bronchos","48107360"
1996,"Cleveland Blues","48107360"
1996,"St. Louis Perfectos","40269667"
1997,"Chicago White Sox","6871060000"
1997,"New York Yankees","6659845315"
1997,"Cincinnati Reds","6171232000"
1997,"Cleveland Indians","5964258300"
1997,"St. Louis Cardinals","5454800040"
1997,"Chicago Cubs","4932173961"
1997,"Boston Red Sox","4878580000"
1997,"Philadelphia Phillies","4692032000"
1997,"Baltimore Orioles","3862082400"
1997,"Atlanta Braves","2823039000"
1997,"Los Angeles Dodgers","2813578848"
1997,"Texas Rangers","2565544224"
1997,"New York Mets","2308423200"
1997,"San Francisco Giants","2206727436"
1997,"Detroit Tigers","2055368000"
1997,"Toronto Blue Jays","2024432819"
1997,"Minnesota Twins","2010277500"
1997,"Houston Astros","1912762500"
1997,"San Diego Padres","1905547272"
1997,"Seattle Mariners","1786248423"
1997,"Kansas City Royals","1767405000"
1997,"Pittsburgh Pirates","1389545043"
1997,"Oakland Athletics","1248962000"
1997,"Colorado Rockies","1176111009"
1997,"Florida Marlins","925157500"
1997,"Montreal Expos","694638000"
1997,"Cleveland Naps","681629520"
1997,"Milwaukee Brewers","662349464"
1997,"New York Highlanders","622415450"
1997,"Chicago White Stockings","590174662"
1997,"Chicago Colts","337242664"
1997,"St. Louis Browns","318196669"
1997,"Boston Americans","304911250"
1997,"Cincinnati Redlegs","298608000"
1997,"Philadelphia Quakers","256595500"
1997,"Anaheim Angels","249083776"
1997,"Chicago Orphans","210776665"
1997,"Houston Colt .45's","104332500"
1997,"Philadelphia Blue Jays","73313000"
1997,"Cleveland Blues","56802460"
1997,"Cleveland Bronchos","56802460"
1997,"St. Louis Perfectos","45456667"
1997,"Pittsburg Alleghenys","43086668"
1998,"New York Yankees","7148334769"
1998,"St. Louis Cardinals","6560702520"
1998,"Cleveland Indians","6384017430"
1998,"Boston Red Sox","6356784000"
1998,"Chicago Cubs","5948046000"
1998,"Baltimore Orioles","4775471844"
1998,"Philadelphia Phillies","4646080000"
1998,"Chicago White Sox","4561865000"
1998,"Atlanta Braves","3304044000"
1998,"Los Angeles Dodgers","3026840000"
1998,"New York Mets","3020523942"
1998,"Detroit Tigers","2863735000"
1998,"Cincinnati Reds","2852620000"
1998,"Texas Rangers","2715460560"
1998,"San Francisco Giants","2639081708"
1998,"San Diego Padres","2389936500"
1998,"Houston Astros","2330570000"
1998,"Seattle Mariners","2325742548"
1998,"Toronto Blue Jays","2209168000"
1998,"Pittsburgh Pirates","1943385000"
1998,"Kansas City Royals","1879987500"
1998,"Minnesota Twins","1647722500"
1998,"Colorado Rockies","1363085496"
1998,"Oakland Athletics","1107756000"
1998,"Florida Marlins","785130673"
1998,"Milwaukee Brewers","746127888"
1998,"Cleveland Naps","729601992"
1998,"Chicago White Stockings","711732000"
1998,"Arizona Diamondbacks","711634000"
1998,"New York Highlanders","668068670"
1998,"Chicago Colts","406704000"
1998,"Boston Americans","397299000"
1998,"Montreal Expos","383094000"
1998,"St. Louis Browns","382707647"
1998,"Anaheim Angels","330248000"
1998,"Tampa Bay Rays","327360000"
1998,"Tampa Bay Devil Rays","272800000"
1998,"Chicago Orphans","254190000"
1998,"Philadelphia Quakers","254082500"
1998,"Cincinnati Redlegs","138030000"
1998,"Houston Colt .45's","127122000"
1998,"Philadelphia Blue Jays","72595000"
1998,"Cleveland Blues","60800166"
1998,"Cleveland Bronchos","60800166"
1998,"Pittsburg Alleghenys","60260000"
1998,"St. Louis Perfectos","54672521"
1999,"New York Yankees","9280576413"
1999,"Cleveland Indians","7662738510"
1999,"Chicago Cubs","7294131000"
1999,"Boston Red Sox","7111720000"
1999,"St. Louis Cardinals","5973383400"
1999,"Baltimore Orioles","5319986958"
1999,"Los Angeles Dodgers","5013472086"
1999,"Detroit Tigers","4342270254"
1999,"Cincinnati Reds","4211382364"
1999,"Philadelphia Phillies","4056640000"
1999,"Atlanta Braves","3949560000"
1999,"New York Mets","3775341336"
1999,"Texas Rangers","3682076688"
1999,"Pittsburgh Pirates","3185998914"
1999,"Chicago White Sox","3048780000"
1999,"Houston Astros","3020270000"
1999,"San Francisco Giants","2888893534"
1999,"San Diego Padres","2538177129"
1999,"Seattle Mariners","2327375129"
1999,"Toronto Blue Jays","1954106319"
1999,"Colorado Rockies","1672267599"
1999,"Arizona Diamondbacks","1511487978"
1999,"Kansas City Royals","1337475000"
1999,"Oakland Athletics","1270455316"
1999,"Minnesota Twins","1254192500"
1999,"Milwaukee Brewers","954302690"
1999,"Cleveland Naps","875741544"
1999,"Chicago White Stockings","872802000"
1999,"New York Highlanders","867343590"
1999,"Montreal Expos","644508000"
1999,"Chicago Colts","498744000"
1999,"Tampa Bay Rays","466440000"
1999,"Boston Americans","444482500"
1999,"Anaheim Angels","443105328"
1999,"Florida Marlins","400615000"
1999,"Tampa Bay Devil Rays","388700000"
1999,"St. Louis Browns","348447365"
1999,"Chicago Orphans","311715000"
1999,"Philadelphia Quakers","221847500"
1999,"Cincinnati Redlegs","203776566"
1999,"Houston Colt .45's","164742000"
1999,"Pittsburg Alleghenys","98790664"
1999,"Cleveland Bronchos","72978462"
1999,"Cleveland Blues","72978462"
1999,"Philadelphia Blue Jays","63385000"
1999,"St. Louis Perfectos","49778195"
2000,"New York Yankees","9880193820"
2000,"Boston Red Sox","8729317296"
2000,"Cleveland Indians","7967480955"
2000,"St. Louis Cardinals","7374463560"
2000,"Chicago Cubs","7083101961"
2000,"Detroit Tigers","6933554873"
2000,"Philadelphia Phillies","6055424000"
2000,"Cincinnati Reds","5811532800"
2000,"Los Angeles Dodgers","5451305732"
2000,"Baltimore Orioles","5375530710"
2000,"New York Mets","4611567008"
2000,"Atlanta Braves","4565043144"
2000,"Pittsburgh Pirates","3731755086"
2000,"Chicago White Sox","3704886500"
2000,"Texas Rangers","3398204208"
2000,"San Francisco Giants","3331745212"
2000,"Houston Astros","2820901105"
2000,"San Diego Padres","2795871000"
2000,"Seattle Mariners","2533345000"
2000,"Toronto Blue Jays","1928048276"
2000,"Arizona Diamondbacks","1782612326"
2000,"Oakland Athletics","1662509316"
2000,"Colorado Rockies","1650002130"
2000,"Kansas City Royals","1195083000"
2000,"Montreal Expos","1187795988"
2000,"Minnesota Twins","974650500"
2000,"New York Highlanders","923382600"
2000,"Cleveland Naps","910569252"
2000,"Chicago White Stockings","847550662"
2000,"Milwaukee Brewers","803117326"
2000,"Tampa Bay Rays","753181548"
2000,"Tampa Bay Devil Rays","627651290"
2000,"Boston Americans","545582331"
2000,"Chicago Colts","484314664"
2000,"St. Louis Browns","430177041"
2000,"Anaheim Angels","411713336"
2000,"Florida Marlins","377568000"
2000,"Philadelphia Quakers","331156000"
2000,"Chicago Orphans","302696665"
2000,"Cincinnati Redlegs","281203200"
2000,"Houston Colt .45's","153867333"
2000,"Pittsburg Alleghenys","115713336"
2000,"Philadelphia Blue Jays","94616000"
2000,"Cleveland Bronchos","75880771"
2000,"Cleveland Blues","75880771"
2000,"St. Louis Perfectos","61453863"
2001,"Boston Red Sox","12324013296"
2001,"New York Yankees","12014724301"
2001,"Cleveland Indians","9780960105"
2001,"St. Louis Cardinals","9424599960"
2001,"Chicago White Sox","7812786373"
2001,"Chicago Cubs","7571752461"
2001,"Pittsburgh Pirates","7451147457"
2001,"Los Angeles Dodgers","6764569086"
2001,"Detroit Tigers","6356523873"
2001,"Cincinnati Reds","6074264000"
2001,"New York Mets","5404116824"
2001,"Philadelphia Phillies","5332970624"
2001,"Atlanta Braves","4964552964"
2001,"Baltimore Orioles","4461569640"
2001,"Texas Rangers","4254408000"
2001,"San Francisco Giants","3923370354"
2001,"Houston Astros","3333696685"
2001,"Toronto Blue Jays","3306527957"
2001,"Seattle Mariners","3212995862"
2001,"San Diego Padres","1998324483"
2001,"Colorado Rockies","1931616018"
2001,"Arizona Diamondbacks","1871825978"
2001,"Kansas City Royals","1806547500"
2001,"Oakland Athletics","1758159000"
2001,"Minnesota Twins","1423670000"
2001,"Montreal Expos","1265742000"
2001,"New York Highlanders","1122871430"
2001,"Cleveland Naps","1117824012"
2001,"Milwaukee Brewers","965510326"
2001,"Chicago White Stockings","906021662"
2001,"Boston Americans","770250831"
2001,"Tampa Bay Rays","683760000"
2001,"Florida Marlins","679487500"
2001,"Tampa Bay Devil Rays","569800000"
2001,"St. Louis Browns","549768331"
2001,"Chicago Colts","517726664"
2001,"Anaheim Angels","380281336"
2001,"Chicago Orphans","323579165"
2001,"Cincinnati Redlegs","293916000"
2001,"Philadelphia Quakers","291646831"
2001,"Pittsburg Alleghenys","231043332"
2001,"Houston Colt .45's","181838001"
2001,"Cleveland Blues","93152001"
2001,"Cleveland Bronchos","93152001"
2001,"Philadelphia Blue Jays","83327666"
2001,"St. Louis Perfectos","78538333"
2002,"New York Yankees","13474358381"
2002,"Boston Red Sox","12136998720"
2002,"St. Louis Cardinals","8959305000"
2002,"Chicago Cubs","8855827461"
2002,"Cleveland Indians","8285492145"
2002,"Philadelphia Phillies","7418239872"
2002,"Chicago White Sox","6789287127"
2002,"Detroit Tigers","6550712000"
2002,"Los Angeles Dodgers","5880759086"
2002,"Cincinnati Reds","5586248360"
2002,"New York Mets","5488748394"
2002,"Pittsburgh Pirates","5459744271"
2002,"Texas Rangers","5065253856"
2002,"Atlanta Braves","5014999818"
2002,"San Francisco Giants","4854589770"
2002,"Baltimore Orioles","3992570142"
2002,"Houston Astros","3489662935"
2002,"Seattle Mariners","3452154724"
2002,"Toronto Blue Jays","3305166319"
2002,"Kansas City Royals","2410107000"
2002,"Minnesota Twins","2385075000"
2002,"Arizona Diamondbacks","2262039978"
2002,"San Diego Padres","2112675000"
2002,"Oakland Athletics","2080216684"
2002,"Colorado Rockies","1534978161"
2002,"Montreal Expos","1392138000"
2002,"New York Highlanders","1259285830"
2002,"Milwaukee Brewers","1106332326"
2002,"Chicago White Stockings","1059671662"
2002,"Cleveland Naps","946913388"
2002,"Florida Marlins","797618423"
2002,"Boston Americans","758562420"
2002,"Chicago Colts","605526664"
2002,"St. Louis Browns","522626125"
2002,"Anaheim Angels","493773336"
2002,"Tampa Bay Rays","412560000"
2002,"Philadelphia Quakers","405684993"
2002,"Chicago Orphans","378454165"
2002,"Tampa Bay Devil Rays","343800000"
2002,"Cincinnati Redlegs","270302340"
2002,"Houston Colt .45's","190345251"
2002,"Pittsburg Alleghenys","169294396"
2002,"Philadelphia Blue Jays","115909998"
2002,"Cleveland Bronchos","78909449"
2002,"Cleveland Blues","78909449"
2002,"St. Louis Perfectos","74660875"
2003,"New York Yankees","16344230098"
2003,"Boston Red Sox","11194008000"
2003,"St. Louis Cardinals","10054399920"
2003,"Chicago Cubs","9344594961"
2003,"Philadelphia Phillies","9059840000"
2003,"Cincinnati Reds","7360102708"
2003,"Pittsburgh Pirates","7070803341"
2003,"New York Mets","6778832882"
2003,"Los Angeles Dodgers","6545502440"
2003,"Chicago White Sox","6070190000"
2003,"Detroit Tigers","5850992000"
2003,"Atlanta Braves","5737158018"
2003,"San Francisco Giants","5136834354"
2003,"Cleveland Indians","5101407570"
2003,"Texas Rangers","4967600016"
2003,"Baltimore Orioles","4875915000"
2003,"Houston Astros","3907200000"
2003,"Seattle Mariners","3739244181"
2003,"Minnesota Twins","3274795000"
2003,"Oakland Athletics","2613563368"
2003,"San Diego Padres","2305710000"
2003,"Toronto Blue Jays","2204567000"
2003,"Kansas City Royals","2066418000"
2003,"Montreal Expos","1870146000"
2003,"Colorado Rockies","1813851009"
2003,"Arizona Diamondbacks","1774454000"
2003,"New York Highlanders","1527498140"
2003,"Chicago White Stockings","1118156662"
2003,"Florida Marlins","939550000"
2003,"Milwaukee Brewers","893794000"
2003,"Boston Americans","699625500"
2003,"Chicago Colts","638946664"
2003,"Anaheim Angels","632253336"
2003,"St. Louis Browns","586506662"
2003,"Cleveland Naps","583018008"
2003,"Philadelphia Quakers","495460000"
2003,"Chicago Orphans","399341665"
2003,"Cincinnati Redlegs","356134002"
2003,"Tampa Bay Rays","235560000"
2003,"Pittsburg Alleghenys","219249716"
2003,"Houston Colt .45's","213120000"
2003,"Tampa Bay Devil Rays","196300000"
2003,"Philadelphia Blue Jays","141560000"
2003,"St. Louis Perfectos","83786666"
2003,"Cleveland Bronchos","48584834"
2003,"Cleveland Blues","48584834"
2004,"New York Yankees","19708752650"
2004,"Boston Red Sox","14257432000"
2004,"Philadelphia Phillies","11893653376"
2004,"Chicago Cubs","10595520000"
2004,"St. Louis Cardinals","9987399960"
2004,"Chicago White Sox","7760287500"
2004,"Cincinnati Reds","5780291000"
2004,"Los Angeles Dodgers","5759924062"
2004,"New York Mets","5606336260"
2004,"Detroit Tigers","5573008000"
2004,"San Francisco Giants","5085188292"
2004,"Atlanta Braves","4869855000"
2004,"Pittsburgh Pirates","4157402841"
2004,"Houston Astros","4146835000"
2004,"Cleveland Indians","3603526500"
2004,"Seattle Mariners","3505180862"
2004,"Baltimore Orioles","3407139978"
2004,"Minnesota Twins","3161515000"
2004,"Oakland Athletics","3090134684"
2004,"San Diego Padres","2824626483"
2004,"Texas Rangers","2642420016"
2004,"Kansas City Royals","2428059000"
2004,"Toronto Blue Jays","2150731000"
2004,"New York Highlanders","1841939500"
2004,"Colorado Rockies","1767019509"
2004,"Arizona Diamondbacks","1535176500"
2004,"Montreal Expos","1472310000"
2004,"Chicago White Stockings","1267840000"
2004,"Boston Americans","891089500"
2004,"Anaheim Angels","804277336"
2004,"Florida Marlins","800717798"
2004,"Chicago Colts","724480000"
2004,"Philadelphia Quakers","650434169"
2004,"Milwaukee Brewers","605627000"
2004,"St. Louis Browns","582598331"
2004,"Chicago Orphans","452800000"
2004,"Cleveland Naps","411831600"
2004,"Tampa Bay Rays","354680004"
2004,"Tampa Bay Devil Rays","295566670"
2004,"Cincinnati Redlegs","279691500"
2004,"Houston Colt .45's","226191000"
2004,"Philadelphia Blue Jays","185838334"
2004,"Pittsburg Alleghenys","128911716"
2004,"St. Louis Perfectos","83228333"
2004,"Cleveland Bronchos","34319300"
2004,"Cleveland Blues","34319300"
2005,"New York Yankees","22288829419"
2005,"Boston Red Sox","13832574000"
2005,"Philadelphia Phillies","12226816000"
2005,"St. Louis Cardinals","11052819960"
2005,"Chicago Cubs","10182853161"
2005,"Chicago White Sox","8946182000"
2005,"Detroit Tigers","8221948000"
2005,"Cincinnati Reds","7674680292"
2005,"New York Mets","5875737618"
2005,"San Francisco Giants","5592369000"
2005,"Los Angeles Dodgers","5148418000"
2005,"Pittsburgh Pirates","4919157000"
2005,"Baltimore Orioles","4878345978"
2005,"Atlanta Braves","4668694308"
2005,"Cleveland Indians","4357762500"
2005,"Houston Astros","4222845000"
2005,"Seattle Mariners","3773436362"
2005,"Minnesota Twins","3314974000"
2005,"San Diego Padres","3227832483"
2005,"Oakland Athletics","2882139624"
2005,"Texas Rangers","2680752000"
2005,"New York Highlanders","2083068170"
2005,"Toronto Blue Jays","1965938500"
2005,"Kansas City Royals","1880931000"
2005,"Los Angeles Angels of Anaheim","1423017330"
2005,"Arizona Diamondbacks","1371241652"
2005,"Colorado Rockies","1291653000"
2005,"Chicago White Stockings","1218461062"
2005,"Florida Marlins","1147767846"
2005,"Milwaukee Brewers","878566326"
2005,"Boston Americans","864535875"
2005,"Washington Nationals","728722500"
2005,"Chicago Colts","696263464"
2005,"Philadelphia Quakers","668654000"
2005,"St. Louis Browns","644747831"
2005,"Cleveland Naps","498030000"
2005,"Chicago Orphans","435164665"
2005,"Washington Senators","388652000"
2005,"Los Angeles Angels","379471288"
2005,"Cincinnati Redlegs","371355498"
2005,"Tampa Bay Rays","356148804"
2005,"Tampa Bay Devil Rays","296790670"
2005,"Houston Colt .45's","230337000"
2005,"Philadelphia Blue Jays","191044000"
2005,"Pittsburg Alleghenys","152532000"
2005,"St. Louis Perfectos","92106833"
2005,"Cleveland Blues","41502500"
2005,"Cleveland Bronchos","41502500"
2006,"New York Yankees","20828949453"
2006,"Boston Red Sox","13451180288"
2006,"Chicago White Sox","12227329373"
2006,"Philadelphia Phillies","11298986624"
2006,"Chicago Cubs","11047666383"
2006,"St. Louis Cardinals","10666964520"
2006,"Detroit Tigers","9830931054"
2006,"Cincinnati Reds","7552780356"
2006,"Los Angeles Dodgers","6103725594"
2006,"Pittsburgh Pirates","6026589750"
2006,"Cleveland Indians","5883307500"
2006,"New York Mets","5862927854"
2006,"San Francisco Giants","5583497978"
2006,"Houston Astros","4878193925"
2006,"Atlanta Braves","4868471304"
2006,"Baltimore Orioles","4790648412"
2006,"Seattle Mariners","3782272819"
2006,"Minnesota Twins","3740364354"
2006,"San Diego Padres","3564703191"
2006,"Texas Rangers","3274975776"
2006,"Oakland Athletics","3236640108"
2006,"Toronto Blue Jays","3068695000"
2006,"Kansas City Royals","2411994000"
2006,"New York Highlanders","1946630790"
2006,"Los Angeles Angels of Anaheim","1552080000"
2006,"Chicago White Stockings","1321942986"
2006,"Arizona Diamondbacks","1313052972"
2006,"Milwaukee Brewers","1266503326"
2006,"Colorado Rockies","1113291000"
2006,"Washington Nationals","947145000"
2006,"Boston Americans","840698768"
2006,"Chicago Colts","755395992"
2006,"Cleveland Naps","672378000"
2006,"St. Louis Browns","622239597"
2006,"Philadelphia Quakers","617913331"
2006,"Washington Senators","505144000"
2006,"Chicago Orphans","472122495"
2006,"Tampa Bay Rays","419015604"
2006,"Los Angeles Angels","413888000"
2006,"Cincinnati Redlegs","365457114"
2006,"Tampa Bay Devil Rays","349179670"
2006,"Florida Marlins","278758500"
2006,"Houston Colt .45's","266083305"
2006,"Pittsburg Alleghenys","186871000"
2006,"Philadelphia Blue Jays","176546666"
2006,"St. Louis Perfectos","88891371"
2006,"Cleveland Bronchos","56031500"
2006,"Cleveland Blues","56031500"
2007,"New York Yankees","20250717815"
2007,"Boston Red Sox","16018935968"
2007,"Chicago White Sox","12931948127"
2007,"Chicago Cubs","11661428844"
2007,"Philadelphia Phillies","11446811264"
2007,"Detroit Tigers","11281243911"
2007,"St. Louis Cardinals","10834418760"
2007,"Cincinnati Reds","8497097520"
2007,"Los Angeles Dodgers","6724180488"
2007,"New York Mets","6683436454"
2007,"Cleveland Indians","6475693035"
2007,"Baltimore Orioles","6149537328"
2007,"San Francisco Giants","5593581472"
2007,"Pittsburgh Pirates","4971380457"
2007,"Houston Astros","4826745000"
2007,"Atlanta Braves","4713704982"
2007,"Seattle Mariners","4577815819"
2007,"Minnesota Twins","4214930500"
2007,"Oakland Athletics","4127080880"
2007,"Toronto Blue Jays","3523540400"
2007,"Kansas City Royals","3422941500"
2007,"Texas Rangers","3279296400"
2007,"San Diego Padres","2963638917"
2007,"New York Highlanders","1892590450"
2007,"Los Angeles Angels of Anaheim","1638769995"
2007,"Milwaukee Brewers","1561703000"
2007,"Colorado Rockies","1459107000"
2007,"Chicago White Stockings","1395384648"
2007,"Arizona Diamondbacks","1145486012"
2007,"Boston Americans","1001183498"
2007,"Chicago Colts","797362656"
2007,"Cleveland Naps","740079204"
2007,"St. Louis Browns","632007761"
2007,"Philadelphia Quakers","625997491"
2007,"Florida Marlins","579633000"
2007,"Washington Nationals","554212500"
2007,"Chicago Orphans","498351660"
2007,"Los Angeles Angels","437005332"
2007,"Cincinnati Redlegs","411149880"
2007,"Washington Senators","295580000"
2007,"Tampa Bay Rays","289482000"
2007,"Houston Colt .45's","263277000"
2007,"Tampa Bay Devil Rays","241235000"
2007,"Philadelphia Blue Jays","178856426"
2007,"Pittsburg Alleghenys","154151332"
2007,"St. Louis Perfectos","90286823"
2007,"Cleveland Bronchos","61673267"
2007,"Cleveland Blues","61673267"
2008,"New York Yankees","22244956423"
2008,"Detroit Tigers","16384538324"
2008,"Boston Red Sox","14939683920"
2008,"Chicago White Sox","14421530508"
2008,"Chicago Cubs","13846462461"
2008,"Philadelphia Phillies","12528624640"
2008,"St. Louis Cardinals","11954933880"
2008,"Cincinnati Reds","9190594180"
2008,"Cleveland Indians","8291856930"
2008,"New York Mets","7992015808"
2008,"Los Angeles Dodgers","7352489232"
2008,"Pittsburgh Pirates","6280982007"
2008,"Atlanta Braves","5527746882"
2008,"Seattle Mariners","5059658726"
2008,"Houston Astros","4891172770"
2008,"San Francisco Giants","4748859000"
2008,"Baltimore Orioles","4434952236"
2008,"Toronto Blue Jays","4205137700"
2008,"San Diego Padres","3757558416"
2008,"Minnesota Twins","3359033194"
2008,"Texas Rangers","3250191648"
2008,"Kansas City Royals","2970520500"
2008,"Oakland Athletics","2494290552"
2008,"New York Highlanders","2078967890"
2008,"Colorado Rockies","1853698500"
2008,"Los Angeles Angels of Anaheim","1788244995"
2008,"Milwaukee Brewers","1780624978"
2008,"Chicago White Stockings","1656841662"
2008,"Arizona Diamondbacks","1456459664"
2008,"Cleveland Naps","947640792"
2008,"Chicago Colts","946766664"
2008,"Boston Americans","933730245"
2008,"Washington Nationals","824415000"
2008,"St. Louis Browns","697371143"
2008,"Philadelphia Quakers","685159160"
2008,"Chicago Orphans","591729165"
2008,"Tampa Bay Rays","525847164"
2008,"Los Angeles Angels","476865332"
2008,"Cincinnati Redlegs","444706170"
2008,"Washington Senators","439688000"
2008,"Tampa Bay Devil Rays","438205970"
2008,"Florida Marlins","414418500"
2008,"Houston Colt .45's","266791242"
2008,"Philadelphia Blue Jays","195759760"
2008,"Pittsburg Alleghenys","194759132"
2008,"St. Louis Perfectos","99624449"
2008,"Cleveland Blues","78970066"
2008,"Cleveland Bronchos","78970066"
2009,"New York Yankees","21555063223"
2009,"Chicago Cubs","15772653000"
2009,"Philadelphia Phillies","14464517888"
2009,"Detroit Tigers","13695132255"
2009,"Boston Red Sox","13590751888"
2009,"Chicago White Sox","11432151500"
2009,"St. Louis Cardinals","10623409080"
2009,"Cincinnati Reds","9121254000"
2009,"New York Mets","8663691246"
2009,"Cleveland Indians","8565812430"
2009,"Pittsburgh Pirates","6281397000"
2009,"Los Angeles Dodgers","6225704704"
2009,"Houston Astros","5664802770"
2009,"Atlanta Braves","5223212964"
2009,"San Francisco Giants","5147639900"
2009,"Baltimore Orioles","4428709956"
2009,"Seattle Mariners","4252879138"
2009,"Minnesota Twins","3852656694"
2009,"Kansas City Royals","3596485983"
2009,"Toronto Blue Jays","3463146900"
2009,"Texas Rangers","3272582304"
2009,"Oakland Athletics","3219320000"
2009,"San Diego Padres","2210018700"
2009,"Colorado Rockies","2030427000"
2009,"New York Highlanders","2014491890"
2009,"Chicago White Stockings","1887326000"
2009,"Milwaukee Brewers","1764015044"
2009,"Los Angeles Angels of Anaheim","1705635000"
2009,"Arizona Diamondbacks","1608544652"
2009,"Chicago Colts","1078472000"
2009,"Cleveland Naps","978949992"
2009,"Washington Nationals","898920000"
2009,"Boston Americans","849421993"
2009,"Philadelphia Quakers","791028322"
2009,"Tampa Bay Rays","759756408"
2009,"Florida Marlins","699846000"
2009,"Chicago Orphans","674045000"
2009,"Tampa Bay Devil Rays","633130340"
2009,"St. Louis Browns","619698863"
2009,"Washington Senators","479424000"
2009,"Los Angeles Angels","454836000"
2009,"Cincinnati Redlegs","441351000"
2009,"Houston Colt .45's","308989242"
2009,"Philadelphia Blue Jays","226008092"
2009,"Pittsburg Alleghenys","194772000"
2009,"St. Louis Perfectos","88528409"
2009,"Cleveland Blues","81579166"
2009,"Cleveland Bronchos","81579166"
2010,"New York Yankees","22077672623"
2010,"Boston Red Sox","18194101296"
2010,"Philadelphia Phillies","18166832512"
2010,"Chicago Cubs","17153253000"
2010,"Detroit Tigers","14620926432"
2010,"Chicago White Sox","12558070000"
2010,"St. Louis Cardinals","11224890120"
2010,"Cincinnati Reds","8898431208"
2010,"New York Mets","7796530636"
2010,"Cleveland Indians","6426416430"
2010,"San Francisco Giants","6115762646"
2010,"Los Angeles Dodgers","5912196992"
2010,"Minnesota Twins","5755990794"
2010,"Baltimore Orioles","5386425000"
2010,"Houston Astros","5079552500"
2010,"Atlanta Braves","4558877964"
2010,"Pittsburgh Pirates","4507647000"
2010,"Seattle Mariners","3719930000"
2010,"Kansas City Royals","3641665710"
2010,"Oakland Athletics","2873254800"
2010,"Toronto Blue Jays","2676062000"
2010,"Texas Rangers","2652026112"
2010,"Colorado Rockies","2274129000"
2010,"New York Highlanders","2063333890"
2010,"Chicago White Stockings","2052526000"
2010,"San Diego Padres","1927764300"
2010,"Milwaukee Brewers","1784382116"
2010,"Los Angeles Angels of Anaheim","1574457990"
2010,"Arizona Diamondbacks","1335799652"
2010,"Chicago Colts","1172872000"
2010,"Boston Americans","1137131331"
2010,"Florida Marlins","1083564661"
2010,"Philadelphia Quakers","993498653"
2010,"Washington Nationals","921000000"
2010,"Tampa Bay Rays","863081652"
2010,"Cleveland Naps","734447592"
2010,"Chicago Orphans","733045000"
2010,"Tampa Bay Devil Rays","719234710"
2010,"St. Louis Browns","654785257"
2010,"Washington Senators","491200000"
2010,"Cincinnati Redlegs","430569252"
2010,"Los Angeles Angels","419855464"
2010,"Philadelphia Blue Jays","283856758"
2010,"Houston Colt .45's","277066500"
2010,"Pittsburg Alleghenys","139772000"
2010,"St. Louis Perfectos","93540751"
2010,"Cleveland Bronchos","61203966"
2010,"Cleveland Blues","61203966"
2011,"Philadelphia Phillies","22140976512"
2011,"New York Yankees","21643427996"
2011,"Boston Red Sox","18117397200"
2011,"Chicago White Sox","15206891000"
2011,"Chicago Cubs","14630537493"
2011,"St. Louis Cardinals","12652028640"
2011,"Detroit Tigers","12578327489"
2011,"Cincinnati Reds","9417444616"
2011,"San Francisco Giants","7328296646"
2011,"New York Mets","6893143922"
2011,"Minnesota Twins","6651483000"
2011,"Los Angeles Dodgers","6459717938"
2011,"Pittsburgh Pirates","5811063000"
2011,"Baltimore Orioles","5630066508"
2011,"Cleveland Indians","5121539430"
2011,"Atlanta Braves","4698145368"
2011,"Texas Rangers","4430364672"
2011,"Houston Astros","3888170000"
2011,"Seattle Mariners","3702755800"
2011,"Oakland Athletics","3459898000"
2011,"Toronto Blue Jays","2690415400"
2011,"Colorado Rockies","2379997917"
2011,"San Diego Padres","2339326140"
2011,"Los Angeles Angels of Anaheim","2078147490"
2011,"New York Highlanders","2022750280"
2011,"Milwaukee Brewers","1880941326"
2011,"Kansas City Royals","1821312000"
2011,"Chicago White Stockings","1750662606"
2011,"Philadelphia Quakers","1210834653"
2011,"Arizona Diamondbacks","1180076326"
2011,"Boston Americans","1132337325"
2011,"Florida Marlins","1081936000"
2011,"Chicago Colts","1000378632"
2011,"Washington Nationals","957853920"
2011,"St. Louis Browns","738035004"
2011,"Chicago Orphans","625236645"
2011,"Cleveland Naps","585318792"
2011,"Los Angeles Angels","554172664"
2011,"Washington Senators","510855424"
2011,"Tampa Bay Rays","492642852"
2011,"Cincinnati Redlegs","455682804"
2011,"Tampa Bay Devil Rays","410535710"
2011,"Philadelphia Blue Jays","345952758"
2011,"Houston Colt .45's","212082000"
2011,"Pittsburg Alleghenys","180188000"
2011,"St. Louis Perfectos","105433572"
2011,"Cleveland Bronchos","48776566"
2011,"Cleveland Blues","48776566"
2012,"Philadelphia Phillies","22340984064"
2012,"New York Yankees","21027884923"
2012,"Boston Red Sox","19396901104"
2012,"Detroit Tigers","15743700000"
2012,"St. Louis Cardinals","13236103440"
2012,"Chicago White Sox","11533420500"
2012,"Chicago Cubs","10319052861"
2012,"Cincinnati Reds","10193248384"
2012,"Cleveland Indians","8235181500"
2012,"Pittsburgh Pirates","8120807871"
2012,"San Francisco Giants","7292482346"
2012,"Los Angeles Dodgers","5898901650"
2012,"Texas Rangers","5784526752"
2012,"Minnesota Twins","5551015000"
2012,"New York Mets","5414531014"
2012,"Baltimore Orioles","5105363934"
2012,"Atlanta Braves","4472816868"
2012,"Seattle Mariners","3525058300"
2012,"Houston Astros","3335805000"
2012,"Toronto Blue Jays","3225395600"
2012,"Kansas City Royals","3106727475"
2012,"Oakland Athletics","2879370000"
2012,"San Diego Padres","2817479700"
2012,"Los Angeles Angels of Anaheim","2317277490"
2012,"Milwaukee Brewers","2148386768"
2012,"Colorado Rockies","2107878417"
2012,"New York Highlanders","1965222890"
2012,"Arizona Diamondbacks","1623706326"
2012,"Chicago White Stockings","1234758462"
2012,"Philadelphia Quakers","1221772566"
2012,"Washington Nationals","1212827145"
2012,"Boston Americans","1212306319"
2012,"Miami Marlins","944624000"
2012,"Cleveland Naps","941163600"
2012,"St. Louis Browns","772106034"
2012,"Tampa Bay Rays","770082000"
2012,"Chicago Colts","705576264"
2012,"Washington Senators","646841144"
2012,"Tampa Bay Devil Rays","641735000"
2012,"Los Angeles Angels","617940664"
2012,"Cincinnati Redlegs","493221696"
2012,"Chicago Orphans","440985165"
2012,"Philadelphia Blue Jays","349077876"
2012,"Pittsburg Alleghenys","251807996"
2012,"Houston Colt .45's","181953000"
2012,"St. Louis Perfectos","110300862"
2012,"Cleveland Bronchos","78430300"
2012,"Cleveland Blues","78430300"
2013,"New York Yankees","24821740802"
2013,"Philadelphia Phillies","21742488192"
2013,"Detroit Tigers","17372750500"
2013,"Boston Red Sox","16971360000"
2013,"Chicago White Sox","14287767963"
2013,"Los Angeles Dodgers","13848456152"
2013,"Cincinnati Reds","13194153288"
2013,"Chicago Cubs","11766423942"
2013,"St. Louis Cardinals","11071213200"
2013,"Pittsburgh Pirates","9940998000"
2013,"San Francisco Giants","8691180708"
2013,"Cleveland Indians","7956039000"
2013,"Baltimore Orioles","5569959978"
2013,"Toronto Blue Jays","5430388300"
2013,"Texas Rangers","5401084800"
2013,"Atlanta Braves","4745062350"
2013,"Minnesota Twins","4444912500"
2013,"Kansas City Royals","4084677975"
2013,"San Diego Padres","3344860500"
2013,"Seattle Mariners","3182216849"
2013,"Oakland Athletics","3126890000"
2013,"New York Mets","2868004068"
2013,"New York Highlanders","2319788860"
2013,"Colorado Rockies","2009044917"
2013,"Arizona Diamondbacks","1982904000"
2013,"Los Angeles Angels of Anaheim","1862621250"
2013,"Washington Nationals","1705549050"
2013,"Milwaukee Brewers","1692834726"
2013,"Chicago White Stockings","1407948164"
2013,"Philadelphia Quakers","1189042323"
2013,"Boston Americans","1060710000"
2013,"Houston Astros","983988500"
2013,"Washington Senators","909626160"
2013,"Cleveland Naps","909261600"
2013,"Chicago Colts","804541808"
2013,"St. Louis Browns","645820770"
2013,"Cincinnati Redlegs","638426772"
2013,"Tampa Bay Rays","635463264"
2013,"Tampa Bay Devil Rays","529552720"
2013,"Chicago Orphans","502838630"
2013,"Los Angeles Angels","496699000"
2013,"Philadelphia Blue Jays","339726378"
2013,"Pittsburg Alleghenys","308248000"
2013,"Miami Marlins","268815200"
2013,"St. Louis Perfectos","92260110"
2013,"Cleveland Bronchos","75771800"
2013,"Cleveland Blues","75771800"
2013,"Houston Colt .45's","53672100"
2014,"Philadelphia Phillies","23160955776"
2014,"New York Yankees","21137198049"
2014,"Detroit Tigers","18189804500"
2014,"Boston Red Sox","15570232048"
2014,"St. Louis Cardinals","14483160000"
2014,"Los Angeles Dodgers","13454905200"
2014,"Cincinnati Reds","13418970000"
2014,"San Francisco Giants","10137630354"
2014,"Pittsburgh Pirates","9955962000"
2014,"Chicago White Sox","9737829500"
2014,"Cleveland Indians","8625949395"
2014,"Chicago Cubs","7666132500"
2014,"Baltimore Orioles","6825456000"
2014,"Texas Rangers","5388242832"
2014,"Atlanta Braves","5270886000"
2014,"New York Mets","4962305420"
2014,"Minnesota Twins","4941987500"
2014,"Toronto Blue Jays","4726564300"
2014,"Seattle Mariners","3978837300"
2014,"San Diego Padres","3859970700"
2014,"Kansas City Royals","3804297825"
2014,"Oakland Athletics","3765236800"
2014,"Colorado Rockies","2575894500"
2014,"Milwaukee Brewers","2226774000"
2014,"Arizona Diamondbacks","2152953000"
2014,"Washington Nationals","1979755200"
2014,"New York Highlanders","1975439070"
2014,"Houston Astros","1931396500"
2014,"Los Angeles Angels of Anaheim","1829823750"
2014,"Philadelphia Quakers","1266614769"
2014,"Washington Senators","1055869440"
2014,"Cleveland Naps","985822788"
2014,"Boston Americans","973139503"
2014,"Chicago White Stockings","917315000"
2014,"Tampa Bay Rays","872269200"
2014,"St. Louis Browns","844851000"
2014,"Tampa Bay Devil Rays","726891000"
2014,"Cincinnati Redlegs","649305000"
2014,"Chicago Colts","524180000"
2014,"Los Angeles Angels","487953000"
2014,"Philadelphia Blue Jays","361889934"
2014,"Miami Marlins","334695200"
2014,"Chicago Orphans","327612500"
2014,"Pittsburg Alleghenys","308712000"
2014,"St. Louis Perfectos","120693000"
2014,"Houston Colt .45's","105348900"
2014,"Cleveland Blues","82151899"
2014,"Cleveland Bronchos","82151899"
2015,"New York Yankees","22764459399"
2015,"Detroit Tigers","20501885250"
2015,"Boston Red Sox","20283580800"
2015,"St. Louis Cardinals","14308980000"
2015,"Philadelphia Phillies","14296704000"
2015,"Cincinnati Reds","14020963464"
2015,"Chicago Cubs","13557879270"
2015,"Los Angeles Dodgers","13379104000"
2015,"Chicago White Sox","13372470300"
2015,"Pittsburgh Pirates","11467132371"
2015,"San Francisco Giants","10211493000"
2015,"Cleveland Indians","9204695430"
2015,"Baltimore Orioles","7592958978"
2015,"Texas Rangers","6899653872"
2015,"Minnesota Twins","6357545000"
2015,"San Diego Padres","6040506300"
2015,"Kansas City Royals","5717458275"
2015,"New York Mets","5612467614"
2015,"Seattle Mariners","5254974100"
2015,"Toronto Blue Jays","4858673200"
2015,"Oakland Athletics","4110782052"
2015,"Houston Astros","3974091000"
2015,"Atlanta Braves","3876187500"
2015,"Colorado Rockies","2583592200"
2015,"Washington Nationals","2333812080"
2015,"Milwaukee Brewers","2218700000"
2015,"New York Highlanders","2127519570"
2015,"Los Angeles Angels of Anaheim","1800081225"
2015,"Chicago White Stockings","1622310340"
2015,"Arizona Diamondbacks","1360348000"
2015,"Boston Americans","1267723800"
2015,"Washington Senators","1244699776"
2015,"Cleveland Naps","1051965192"
2015,"Chicago Colts","927034480"
2015,"St. Louis Browns","834690500"
2015,"Philadelphia Quakers","781851000"
2015,"Tampa Bay Rays","774254796"
2015,"Cincinnati Redlegs","678433716"
2015,"Tampa Bay Devil Rays","645212330"
2015,"Chicago Orphans","579396550"
2015,"Miami Marlins","544452000"
2015,"Los Angeles Angels","480021660"
2015,"Pittsburg Alleghenys","355569996"
2015,"Philadelphia Blue Jays","223386000"
2015,"Houston Colt .45's","216768600"
2015,"St. Louis Perfectos","119241500"
2015,"Cleveland Blues","87663766"
2015,"Cleveland Bronchos","87663766"
2016,"New York Yankees","23860763744"
2016,"Detroit Tigers","23190301239"
2016,"Boston Red Sox","21117125232"
2016,"Chicago Cubs","18025917156"
2016,"St. Louis Cardinals","17166420000"
2016,"Los Angeles Dodgers","13719879560"
2016,"Chicago White Sox","13446841373"
2016,"Pittsburgh Pirates","13387469457"
2016,"Cincinnati Reds","11028567316"
2016,"Baltimore Orioles","10682988096"
2016,"San Francisco Giants","10679734236"
2016,"Texas Rangers","8449858704"
2016,"Cleveland Indians","7802749500"
2016,"New York Mets","7765569482"
2016,"Philadelphia Phillies","7549440000"
2016,"Kansas City Royals","6705843375"
2016,"Minnesota Twins","6052408800"
2016,"Toronto Blue Jays","5964173100"
2016,"Seattle Mariners","5834383577"
2016,"Houston Astros","5219153500"
2016,"San Diego Padres","5172665514"
2016,"Oakland Athletics","4513924168"
2016,"Atlanta Braves","3698907714"
2016,"Colorado Rockies","3041416917"
2016,"New York Highlanders","2229977920"
2016,"Chicago White Stockings","2156947352"
2016,"Washington Nationals","2124789690"
2016,"Los Angeles Angels of Anaheim","2058769995"
2016,"Arizona Diamondbacks","1923659386"
2016,"Milwaukee Brewers","1513055214"
2016,"Boston Americans","1319820327"
2016,"Chicago Colts","1232541344"
2016,"Washington Senators","1133221168"
2016,"St. Louis Browns","1001374500"
2016,"Cleveland Naps","891742800"
2016,"Chicago Orphans","770338340"
2016,"Tampa Bay Rays","685167720"
2016,"Miami Marlins","618513616"
2016,"Tampa Bay Devil Rays","570973100"
2016,"Los Angeles Angels","549005332"
2016,"Cincinnati Redlegs","533640354"
2016,"Pittsburg Alleghenys","415115332"
2016,"Philadelphia Quakers","412860000"
2016,"Houston Colt .45's","284681100"
2016,"St. Louis Perfectos","143053500"
2016,"Philadelphia Blue Jays","117960000"
2016,"Cleveland Blues","74311900"
2016,"Cleveland Bronchos","74311900"
